Current asset,Proposed new asset (not installed),Correction,Consumers
assets/backgrounds/menu-seaglass.png,assets/character-consistency-v1/backgrounds/menu-seaglass.png,Rowan’s small menu figure has softer facial definition than the approved sprite. Match face/eye linework and cardigan motifs without enlarging him; the wide establishing composition is intentional.,Main menu and gallery; assets/love-interests.js
assets/cg/chapter-two/company-clean.webp,assets/character-consistency-v1/cg/chapter-two/company-clean.webp,"Keep bedside camera/pose. Standardize Rowan’s jaw, eye rendering and cardigan line weight with the live adult sprite; retain the concerned expression and sunlit room.",manifest.cgs.c2-company.src
assets/cg/chapter-two/continuity-v1/family-night.webp,assets/character-consistency-v1/cg/chapter-two/continuity-v1/family-night.webp,"Mayumi’s smooth face and detailed fabric shading diverge from Rowan’s drawn style. Match both to the approved adult linework, keep her mature face and warm skin; the seated spacing is already appropriate. Preserve bread, glasses, night lighting (daylight in archived original).",manifest.cgs.summer-mayumi-night.src
assets/cg/chapter-two/father-continuation-v1/birthday.webp,assets/character-consistency-v1/cg/chapter-two/father-continuation-v1/birthday.webp,"Match Mayumi and eighteen-year-old Rowan to the same drawn rendering. Preserve Rowan’s short school hair, white uniform, youthful proportions and birthday lighting. Keep Lola exactly as she is. All three seated sizes are already plausible.",manifest.cgs.c2-father-birthday.src
assets/cg/chapter-two/father-continuation-v1/dinner-interrupted.webp,assets/character-consistency-v1/cg/chapter-two/father-continuation-v1/dinner-interrupted.webp,"Mayumi’s smooth face and detailed fabric shading diverge from Rowan’s drawn style. Match both to the approved adult linework, keep her mature face and warm skin; the seated spacing is already appropriate. Preserve bread, glasses, night lighting (daylight in archived original).",manifest.cgs.c2-father-dinner-interrupted.src
assets/cg/chapter-two/father-continuation-v1/father-reveal.webp,assets/character-consistency-v1/cg/chapter-two/father-continuation-v1/father-reveal.webp,"Match only Mayumi’s linework/shading and restore her established sage skirt (the visible blue floral patch drifts from her design). Keep her tense face and position. Preserve Enrich, Lola, the corrected hands and doorway unchanged.",manifest.cgs.c2-father-father-reveal.src
assets/cg/chapter-two/father-continuation-v1/kitchen-honesty.webp,assets/character-consistency-v1/cg/chapter-two/father-continuation-v1/kitchen-honesty.webp,Match adult Rowan’s face and cardigan rendering to his reference. Keep his position beside the cabinet: the wider kitchen shot intentionally includes space between him and MC.,manifest.cgs.c2-father-kitchen-honesty.src
assets/cg/chapter-two/lunch.webp,assets/character-consistency-v1/cg/chapter-two/lunch.webp,"Match Rowan’s facial proportions, eye linework and hair rendering to his sprite. Keep seated posture, meal, room, daylight and table perspective unchanged.",manifest.backgrounds.summer-lunch; manifest.cgs.summer-lunch.src
assets/cg/chapter-two/mayumi.webp,assets/character-consistency-v1/cg/chapter-two/mayumi.webp,"Mayumi’s smooth face and detailed fabric shading diverge from Rowan’s drawn style. Match both to the approved adult linework, keep her mature face and warm skin; the seated spacing is already appropriate. Preserve bread, glasses, night lighting (daylight in archived original).",manifest.backgrounds.summer-mayumi; manifest.cgs.summer-mayumi.src
assets/cg/chapter-two/scene-approved-v1/grave-comfort-lilies.webp,assets/character-consistency-v1/cg/chapter-two/scene-approved-v1/grave-comfort-lilies.webp,"Use one consistent Rowan face/hair/linework correction across all four bouquet variants. Keep comfort versus standing poses, sad expression, golden light, flowers and grave unchanged; keep solo variants completely Rowan-free.",manifest.backgrounds.c2-painted-review-grave-comfort-lilies; manifest.cgs.c2-review-grave-comfort-lilies.src
assets/cg/chapter-two/scene-approved-v1/grave-comfort-orchids.webp,assets/character-consistency-v1/cg/chapter-two/scene-approved-v1/grave-comfort-orchids.webp,"Use one consistent Rowan face/hair/linework correction across all four bouquet variants. Keep comfort versus standing poses, sad expression, golden light, flowers and grave unchanged; keep solo variants completely Rowan-free.",manifest.backgrounds.c2-painted-review-grave-comfort-orchids; manifest.cgs.c2-review-grave-comfort-orchids.src
assets/cg/chapter-two/scene-approved-v1/grave-comfort-roses.webp,assets/character-consistency-v1/cg/chapter-two/scene-approved-v1/grave-comfort-roses.webp,"Use one consistent Rowan face/hair/linework correction across all four bouquet variants. Keep comfort versus standing poses, sad expression, golden light, flowers and grave unchanged; keep solo variants completely Rowan-free.",manifest.backgrounds.c2-painted-review-grave-comfort-roses; manifest.cgs.c2-review-grave-comfort-roses.src
assets/cg/chapter-two/scene-approved-v1/grave-comfort.webp,assets/character-consistency-v1/cg/chapter-two/scene-approved-v1/grave-comfort.webp,"Use one consistent Rowan face/hair/linework correction across all four bouquet variants. Keep comfort versus standing poses, sad expression, golden light, flowers and grave unchanged; keep solo variants completely Rowan-free.",manifest.backgrounds.c2-painted-review-grave-comfort; manifest.cgs.c2-review-grave-comfort.src
assets/cg/chapter-two/scene-approved-v1/grave-together-lilies.webp,assets/character-consistency-v1/cg/chapter-two/scene-approved-v1/grave-together-lilies.webp,"Use one consistent Rowan face/hair/linework correction across all four bouquet variants. Keep comfort versus standing poses, sad expression, golden light, flowers and grave unchanged; keep solo variants completely Rowan-free.",manifest.backgrounds.c2-painted-review-grave-together-lilies; manifest.cgs.c2-review-grave-together-lilies.src
assets/cg/chapter-two/scene-approved-v1/grave-together-orchids.webp,assets/character-consistency-v1/cg/chapter-two/scene-approved-v1/grave-together-orchids.webp,"Use one consistent Rowan face/hair/linework correction across all four bouquet variants. Keep comfort versus standing poses, sad expression, golden light, flowers and grave unchanged; keep solo variants completely Rowan-free.",manifest.backgrounds.c2-painted-review-grave-together-orchids; manifest.cgs.c2-review-grave-together-orchids.src
assets/cg/chapter-two/scene-approved-v1/grave-together-roses.webp,assets/character-consistency-v1/cg/chapter-two/scene-approved-v1/grave-together-roses.webp,"Use one consistent Rowan face/hair/linework correction across all four bouquet variants. Keep comfort versus standing poses, sad expression, golden light, flowers and grave unchanged; keep solo variants completely Rowan-free.",manifest.backgrounds.c2-painted-review-grave-together-roses; manifest.cgs.c2-review-grave-together-roses.src
assets/cg/chapter-two/scene-approved-v1/grave-together.webp,assets/character-consistency-v1/cg/chapter-two/scene-approved-v1/grave-together.webp,"Use one consistent Rowan face/hair/linework correction across all four bouquet variants. Keep comfort versus standing poses, sad expression, golden light, flowers and grave unchanged; keep solo variants completely Rowan-free.",manifest.backgrounds.c2-painted-review-grave-together; manifest.cgs.c2-review-grave-together.src
assets/cg/chapter-two/waking-clean.webp,assets/character-consistency-v1/cg/chapter-two/waking-clean.webp,"Keep bedside camera/pose. Standardize Rowan’s jaw, eye rendering and cardigan line weight with the live adult sprite; retain the concerned expression and sunlit room.",manifest.cgs.c2-waking.src
assets/cg/chapter-two/workshop.webp,assets/character-consistency-v1/cg/chapter-two/workshop.webp,"Rowan-only facial/linework alignment if this gallery asset is retained. Preserve workshop action, Nestor, tools and environment exactly; do not alter the unrelated character.",manifest.backgrounds.summer-workshop; manifest.cgs.summer-workshop.src
assets/cg/day-two/bedroom-hug.webp,assets/character-consistency-v1/cg/day-two/bedroom-hug.webp,"Close views make Rowan’s broader/rounder eye and jaw rendering more noticeable. Match approved adult proportions while retaining affection, foreshortened arms, hair bun and existing lighting.",manifest.backgrounds.d2-bedroom-hug; manifest.cgs.d2-bedroom-hug.src
assets/cg/day-two/bedroom-missed-you.webp,assets/character-consistency-v1/cg/day-two/bedroom-missed-you.webp,"Close views make Rowan’s broader/rounder eye and jaw rendering more noticeable. Match approved adult proportions while retaining affection, foreshortened arms, hair bun and existing lighting.",manifest.backgrounds.d2-bedroom-missed-you; manifest.cgs.d2-bedroom-missed-you.src
assets/cg/day-two/garden-hat-poke.webp,assets/character-consistency-v1/cg/day-two/garden-hat-poke.webp,"Align Rowan’s eye/jaw/hair linework with adult reference; retain gardening T-shirt, straw hat, bun, warm daylight and pose. Do not put him in a cardigan or reuse the minigame CG for normal dialogue.",manifest.backgrounds.d2-garden-hat-poke; manifest.cgs.d2-garden-hat-poke.src
assets/cg/day-two/garden-reveal.webp,assets/character-consistency-v1/cg/day-two/garden-reveal.webp,"Align Rowan’s eye/jaw/hair linework with adult reference; retain gardening T-shirt, straw hat, bun, warm daylight and pose. Do not put him in a cardigan or reuse the minigame CG for normal dialogue.",manifest.backgrounds.d2-garden-reveal; manifest.backgrounds.garden-rematch; manifest.cgs.d2-garden-reveal.src
assets/cg/day-two/garden-startled.webp,assets/character-consistency-v1/cg/day-two/garden-startled.webp,"Align Rowan’s eye/jaw/hair linework with adult reference; retain gardening T-shirt, straw hat, bun, warm daylight and pose. Do not put him in a cardigan or reuse the minigame CG for normal dialogue.",manifest.backgrounds.d2-garden-startled; manifest.cgs.d2-garden-startled.src
assets/cg/day-two/garden-whatcha.webp,assets/character-consistency-v1/cg/day-two/garden-whatcha.webp,"Align Rowan’s eye/jaw/hair linework with adult reference; retain gardening T-shirt, straw hat, bun, warm daylight and pose. Do not put him in a cardigan or reuse the minigame CG for normal dialogue.",manifest.backgrounds.d2-garden-whatcha; manifest.cgs.d2-garden-whatcha.src
assets/cg/porch-door-v2/hug.webp,assets/character-consistency-v1/cg/porch-door-v2/hug.webp,"Close views make Rowan’s broader/rounder eye and jaw rendering more noticeable. Match approved adult proportions while retaining affection, foreshortened arms, hair bun and existing lighting.",manifest.cgs.reunion-hug.src
assets/cg/porch-door-v2/mayumi.webp,assets/character-consistency-v1/cg/porch-door-v2/mayumi.webp,"Match Mayumi’s hair, skin and blouse/skirt shading to the proposed sprite standard. Do not move her toward the camera: she must remain at the door, facing it, holding bread. Preserve the fixed door and porch lighting.",manifest.backgrounds.c2-painted-review-mayumi; manifest.cgs.c2-review-mayumi.src
assets/cg/porch-door-v2/quiet.webp,assets/character-consistency-v1/cg/porch-door-v2/quiet.webp,"Keep seated pose, daylight and porch composition. Match Rowan’s face contour, ash-brown hair and line/shadow treatment to the approved adult reference; do not erase warm sunlight.",manifest.cgs.after-garden-quiet.src
assets/garden/rematch.webp,assets/character-consistency-v1/garden/rematch.webp,"Align Rowan’s eye/jaw/hair linework with adult reference; retain gardening T-shirt, straw hat, bun, warm daylight and pose. Do not put him in a cardigan or reuse the minigame CG for normal dialogue.",Weed-pulling minigame; styles.css
assets/portraits/mayumi-v2/concerned.png,assets/portraits/mayumi-consistent-v1/concerned.png,"Redraw shading and face/fabric linework to match Rowan while preserving Mayumi’s age, brown eyes, bun, blouse, sage skirt, jewelry and each expression/pose. Keep complete transparent full-body canvas and consistent head/feet anchors. Separate stage-scale correction is also needed.",manifest.portraits.Mayumi.concerned
assets/portraits/mayumi-v2/neutral.png,assets/portraits/mayumi-consistent-v1/neutral.png,"Redraw shading and face/fabric linework to match Rowan while preserving Mayumi’s age, brown eyes, bun, blouse, sage skirt, jewelry and each expression/pose. Keep complete transparent full-body canvas and consistent head/feet anchors. Separate stage-scale correction is also needed.",manifest.portraits.Mayumi.neutral
assets/portraits/mayumi-v2/sad.png,assets/portraits/mayumi-consistent-v1/sad.png,"Redraw shading and face/fabric linework to match Rowan while preserving Mayumi’s age, brown eyes, bun, blouse, sage skirt, jewelry and each expression/pose. Keep complete transparent full-body canvas and consistent head/feet anchors. Separate stage-scale correction is also needed.",manifest.portraits.Mayumi.sad
assets/portraits/mayumi-v2/serious.png,assets/portraits/mayumi-consistent-v1/serious.png,"Redraw shading and face/fabric linework to match Rowan while preserving Mayumi’s age, brown eyes, bun, blouse, sage skirt, jewelry and each expression/pose. Keep complete transparent full-body canvas and consistent head/feet anchors. Separate stage-scale correction is also needed.",manifest.portraits.Mayumi.serious
assets/portraits/mayumi-v2/surprised.png,assets/portraits/mayumi-consistent-v1/surprised.png,"Redraw shading and face/fabric linework to match Rowan while preserving Mayumi’s age, brown eyes, bun, blouse, sage skirt, jewelry and each expression/pose. Keep complete transparent full-body canvas and consistent head/feet anchors. Separate stage-scale correction is also needed.",manifest.portraits.Mayumi.surprised
assets/portraits/mayumi-v2/teasing.png,assets/portraits/mayumi-consistent-v1/teasing.png,"Redraw shading and face/fabric linework to match Rowan while preserving Mayumi’s age, brown eyes, bun, blouse, sage skirt, jewelry and each expression/pose. Keep complete transparent full-body canvas and consistent head/feet anchors. Separate stage-scale correction is also needed.",manifest.portraits.Mayumi.teasing
assets/portraits/mayumi-v2/warm-smile.png,assets/portraits/mayumi-consistent-v1/warm-smile.png,"Redraw shading and face/fabric linework to match Rowan while preserving Mayumi’s age, brown eyes, bun, blouse, sage skirt, jewelry and each expression/pose. Keep complete transparent full-body canvas and consistent head/feet anchors. Separate stage-scale correction is also needed.",manifest.portraits.Mayumi.warm-smile
